-- phpMyAdmin SQL Dump
-- version 4.9.5deb2
-- https://www.phpmyadmin.net/
--
-- Host: localhost:3306
-- Generation Time: Nov 21, 2021 at 02:05 PM
-- Server version: 8.0.27
-- PHP Version: 7.2.34-24+ubuntu20.04.1+deb.sury.org+1

SET SQL_MODE = "NO_AUTO_VALUE_ON_ZERO";
SET AUTOCOMMIT = 0;
START TRANSACTION;
SET time_zone = "+00:00";


/*!40101 SET @OLD_CHARACTER_SET_CLIENT=@@CHARACTER_SET_CLIENT */;
/*!40101 SET @OLD_CHARACTER_SET_RESULTS=@@CHARACTER_SET_RESULTS */;
/*!40101 SET @OLD_COLLATION_CONNECTION=@@COLLATION_CONNECTION */;
/*!40101 SET NAMES utf8mb4 */;

--
-- Database: `hms`
--

-- --------------------------------------------------------

--
-- Table structure for table `admin`
--

CREATE TABLE `admin` (
  `id` int NOT NULL,
  `username` varchar(255) NOT NULL,
  `password` varchar(255) NOT NULL,
  `updationDate` varchar(255) NOT NULL
) ENGINE=InnoDB DEFAULT CHARSET=latin1;

--
-- Dumping data for table `admin`
--

INSERT INTO `admin` (`id`, `username`, `password`, `updationDate`) VALUES
(1, 'admin', 'Test@12345', '28-12-2016 11:42:05 AM');

-- --------------------------------------------------------

--
-- Table structure for table `appointment`
--

CREATE TABLE `appointment` (
  `id` int NOT NULL,
  `doctorSpecialization` varchar(255) NOT NULL,
  `doctorId` int NOT NULL,
  `userId` int NOT NULL,
  `consultancyFees` int NOT NULL,
  `appointmentDate` varchar(255) NOT NULL,
  `appointmentTime` varchar(255) NOT NULL,
  `postingDate` timestamp NULL DEFAULT CURRENT_TIMESTAMP,
  `userStatus` int NOT NULL,
  `doctorStatus` int NOT NULL,
  `updationDate` varchar(255) CHARACTER SET latin1 COLLATE latin1_swedish_ci DEFAULT NULL
) ENGINE=InnoDB DEFAULT CHARSET=latin1;

--
-- Dumping data for table `appointment`
--

INSERT INTO `appointment` (`id`, `doctorSpecialization`, `doctorId`, `userId`, `consultancyFees`, `appointmentDate`, `appointmentTime`, `postingDate`, `userStatus`, `doctorStatus`, `updationDate`) VALUES
(1, 'Dentist', 1, 1, 500, '2016-12-31', '09:25', '2017-01-01 00:29:02', 1, 0, ''),
(2, 'Homeopath', 4, 5, 700, '2017-01-11', '14:10', '2017-01-07 08:02:58', 1, 0, ''),
(3, 'Homeopath', 8, 6, 700, '2021-01-11', '14:10', '2021-11-16 04:49:16', 1, 0, ''),
(4, 'General Physician', 3, 10, 1200, '2021-11-25', '14:47', '2021-11-20 06:13:56', 0, 1, ''),
(5, 'General Physician', 3, 10, 1200, '2021-11-27', '12:47', '2021-11-20 06:15:27', 1, 1, ''),
(6, 'Ayurveda', 5, 10, 8050, '2021-11-26', '13:51', '2021-11-20 06:18:20', 0, 1, NULL),
(7, 'Dermatologist', 11, 11, 1500, '2021-11-25', '15:23', '2021-11-21 07:51:03', 1, 1, NULL);

-- --------------------------------------------------------

--
-- Table structure for table `doctors`
--

CREATE TABLE `doctors` (
  `id` int NOT NULL,
  `specilization` varchar(255) NOT NULL,
  `doctorName` varchar(255) NOT NULL,
  `address` longtext NOT NULL,
  `docFees` varchar(255) NOT NULL,
  `contactno` bigint NOT NULL,
  `docEmail` varchar(255) NOT NULL,
  `password` varchar(255) NOT NULL,
  `creationDate` timestamp NOT NULL DEFAULT CURRENT_TIMESTAMP,
  `updationDate` varchar(255) CHARACTER SET latin1 COLLATE latin1_swedish_ci DEFAULT NULL
) ENGINE=InnoDB DEFAULT CHARSET=latin1;

--
-- Dumping data for table `doctors`
--

INSERT INTO `doctors` (`id`, `specilization`, `doctorName`, `address`, `docFees`, `contactno`, `docEmail`, `password`, `creationDate`, `updationDate`) VALUES
(3, 'General Physician', 'Nitesh Kumar', 'Ghaziabad', '1200', 8523699999, 'nitesh@gmail.com', 'f925916e2754e5e03f75dd58a5733251', '2017-01-07 07:43:35', ''),
(4, 'Homeopath', 'Vijay Verma', 'New Delhi', '700', 25668888, 'vijay@gmail.com', 'f925916e2754e5e03f75dd58a5733251', '2017-01-07 07:45:09', ''),
(5, 'Ayurveda', 'Sanjeev', 'Gurugram', '8050', 442166644646, 'sanjeev@gmail.com', 'f925916e2754e5e03f75dd58a5733251', '2017-01-07 07:47:07', ''),
(6, 'General Physician', 'Amrita', 'New Delhi India', '2500', 45497964, 'amrita@test.com', 'f142618d4d4e318ad4c52191db61d727', '2017-01-07 07:52:50', ''),
(9, 'Homeopath', 'Ravisha gautam', 'c-98 J block mahalaxmi apartment ,Dwarka sector-8', '900', 9953060182, 'ravisha@gmail.com', '7b08c8c0ee36f2c924690df482aac46e', '2021-11-19 09:48:49', NULL),
(11, 'Dermatologist', 'Rahul Kumar', 'Delhi NCR', '1500', 9718392908, 'rahulk@gmail.com', '0192023a7bbd73250516f069df18b500', '2021-11-21 07:07:25', NULL);

-- --------------------------------------------------------

--
-- Table structure for table `doctorslog`
--

CREATE TABLE `doctorslog` (
  `id` int NOT NULL,
  `uid` int NOT NULL,
  `username` varchar(255) NOT NULL,
  `userip` binary(16) NOT NULL,
  `loginTime` timestamp NOT NULL DEFAULT CURRENT_TIMESTAMP,
  `logout` varchar(255) NOT NULL,
  `status` int NOT NULL
) ENGINE=InnoDB DEFAULT CHARSET=latin1;

--
-- Dumping data for table `doctorslog`
--

INSERT INTO `doctorslog` (`id`, `uid`, `username`, `userip`, `loginTime`, `logout`, `status`) VALUES
(1, 2, 'sarita@gmail.com', 0x30000000000000000000000000000000, '2017-01-06 05:53:31', '', 1),
(2, 0, 'admin', 0x3a3a3100000000000000000000000000, '2017-01-06 06:36:07', '', 0),
(3, 2, 'sarita@gmail.com', 0x3a3a3100000000000000000000000000, '2017-01-06 06:36:37', '06/01/2017 07:36:45', 1),
(4, 2, 'sarita@gmail.com', 0x3a3a3100000000000000000000000000, '2017-01-06 06:41:33', '12:11:46', 1),
(5, 2, 'sarita@gmail.com', 0x3a3a3100000000000000000000000000, '2017-01-06 06:55:16', '06-01-2017 12:27:47 PM', 1),
(6, 0, 'admin', 0x3a3a3100000000000000000000000000, '2017-01-06 07:07:12', '', 0),
(7, 0, 'info@w3gang.com', 0x3a3a3100000000000000000000000000, '2017-01-07 08:04:42', '', 0),
(8, 0, 'info@w3gang.com', 0x3a3a3100000000000000000000000000, '2017-01-07 08:04:55', '21-11-2021 01:28:51 PM', 0),
(9, 2, 'sarita@gmail.com', 0x3a3a3100000000000000000000000000, '2017-01-07 08:05:54', '07-01-2017 01:36:28 PM', 1);

-- --------------------------------------------------------

--
-- Table structure for table `doctorspecilization`
--

CREATE TABLE `doctorspecilization` (
  `id` int NOT NULL,
  `specilization` varchar(255) NOT NULL,
  `creationDate` timestamp NOT NULL DEFAULT CURRENT_TIMESTAMP,
  `updationDate` varchar(255) NOT NULL
) ENGINE=InnoDB DEFAULT CHARSET=latin1;

--
-- Dumping data for table `doctorspecilization`
--

INSERT INTO `doctorspecilization` (`id`, `specilization`, `creationDate`, `updationDate`) VALUES
(1, 'Gynecologist/Obstetrician', '2016-12-28 06:37:25', ''),
(2, 'General Physician', '2016-12-28 06:38:12', '21-11-2021 12:33:53 PM'),
(3, 'Dermatologist', '2016-12-28 06:38:48', ''),
(4, 'Homeopath', '2016-12-28 06:39:26', ''),
(5, 'Ayurveda', '2016-12-28 06:39:51', ''),
(6, 'Dentist', '2016-12-28 06:40:08', ''),
(9, 'Demo test', '2016-12-28 07:37:39', '28-12-2016 01:28:42 PM'),
(10, 'Bones Specialist demo', '2017-01-07 08:07:53', '07-01-2017 01:38:04 PM');

-- --------------------------------------------------------

--
-- Table structure for table `userlog`
--

CREATE TABLE `userlog` (
  `id` int NOT NULL,
  `uid` int NOT NULL,
  `username` varchar(255) NOT NULL,
  `userip` binary(16) NOT NULL,
  `loginTime` timestamp NOT NULL DEFAULT CURRENT_TIMESTAMP,
  `logout` varchar(255) NOT NULL,
  `status` int NOT NULL
) ENGINE=InnoDB DEFAULT CHARSET=latin1;

--
-- Dumping data for table `userlog`
--

INSERT INTO `userlog` (`id`, `uid`, `username`, `userip`, `loginTime`, `logout`, `status`) VALUES
(6, 1, '', 0x3a3a3100000000000000000000000000, '2017-01-06 07:02:28', '', 1),
(7, 1, 'info@w3gang.com', 0x3a3a3100000000000000000000000000, '2017-01-06 07:04:28', '', 1),
(8, 0, 'admin', 0x3a3a3100000000000000000000000000, '2017-01-06 07:07:41', '06-01-2017 12:38:09 PM', 0),
(9, 1, 'info@w3gang.com', 0x3a3a3100000000000000000000000000, '2017-01-06 07:08:01', '', 1),
(10, 1, 'info@w3gang.com', 0x3a3a3100000000000000000000000000, '2017-01-06 07:10:09', '06-01-2017 12:41:43 PM', 1),
(11, 2, 'test@gmail.com', 0x3a3a3100000000000000000000000000, '2017-01-07 07:57:18', '07-01-2017 01:27:34 PM', 1),
(12, 0, 'asdad', 0x3a3a3100000000000000000000000000, '2017-01-07 07:57:44', '', 0),
(13, 0, 'xyz@test.com', 0x3a3a3100000000000000000000000000, '2017-01-07 07:59:43', '', 0),
(14, 5, 'amit12@gmail.com', 0x3a3a3100000000000000000000000000, '2017-01-07 08:00:44', '07-01-2017 01:34:19 PM', 1);

-- --------------------------------------------------------

--
-- Table structure for table `users`
--

CREATE TABLE `users` (
  `id` int NOT NULL,
  `fullName` varchar(255) NOT NULL,
  `address` longtext NOT NULL,
  `city` varchar(255) NOT NULL,
  `gender` varchar(255) NOT NULL,
  `email` varchar(255) NOT NULL,
  `password` varchar(255) NOT NULL,
  `regDate` timestamp NOT NULL DEFAULT CURRENT_TIMESTAMP,
  `updationDate` varchar(255) CHARACTER SET latin1 COLLATE latin1_swedish_ci DEFAULT NULL
) ENGINE=InnoDB DEFAULT CHARSET=latin1;

--
-- Dumping data for table `users`
--

INSERT INTO `users` (`id`, `fullName`, `address`, `city`, `gender`, `email`, `password`, `regDate`, `updationDate`) VALUES
(1, 'Anuj kumar', 'Test address', 'Aligarh', 'Males', 'info@w3gang.com', 'f925916e2754e5e03f75dd58a5733251', '2016-12-26 07:03:09', '30-12-2016 11:27:47 AM'),
(5, 'Amit kumar', 'New Delhi India', 'Delhi', 'male', 'amit12@gmail.com', 'f925916e2754e5e03f75dd58a5733251', '2017-01-07 08:00:26', '07-01-2017 01:32:12 PM'),
(9, 'fagun', 'pitampura F block rohini sector 7 delhi', 'Delhi', 'female', 'fagun@gmail.com', 'b94b2e8408fe86afce27e40f4a4ff4a6', '2021-11-19 10:00:59', NULL),
(10, 'Rahul Kumar', 'Delhi, NCR', 'Delhi New', 'Male', 'rahul@gmail.com', '0192023a7bbd73250516f069df18b500', '2021-11-19 11:49:00', NULL),
(11, 'pushpa', 'NCR DELHI', 'Delhi', 'female', 'push@gmail.com', '0192023a7bbd73250516f069df18b500', '2021-11-20 09:47:48', '20-11-2021 03:52:00 PM');

--
-- Indexes for dumped tables
--

--
-- Indexes for table `admin`
--
ALTER TABLE `admin`
  ADD PRIMARY KEY (`id`);

--
-- Indexes for table `appointment`
--
ALTER TABLE `appointment`
  ADD PRIMARY KEY (`id`);

--
-- Indexes for table `doctors`
--
ALTER TABLE `doctors`
  ADD PRIMARY KEY (`id`);

--
-- Indexes for table `doctorslog`
--
ALTER TABLE `doctorslog`
  ADD PRIMARY KEY (`id`);

--
-- Indexes for table `doctorspecilization`
--
ALTER TABLE `doctorspecilization`
  ADD PRIMARY KEY (`id`);

--
-- Indexes for table `userlog`
--
ALTER TABLE `userlog`
  ADD PRIMARY KEY (`id`);

--
-- Indexes for table `users`
--
ALTER TABLE `users`
  ADD PRIMARY KEY (`id`);

--
-- AUTO_INCREMENT for dumped tables
--

--
-- AUTO_INCREMENT for table `admin`
--
ALTER TABLE `admin`
  MODIFY `id` int NOT NULL AUTO_INCREMENT, AUTO_INCREMENT=2;

--
-- AUTO_INCREMENT for table `appointment`
--
ALTER TABLE `appointment`
  MODIFY `id` int NOT NULL AUTO_INCREMENT, AUTO_INCREMENT=8;

--
-- AUTO_INCREMENT for table `doctors`
--
ALTER TABLE `doctors`
  MODIFY `id` int NOT NULL AUTO_INCREMENT, AUTO_INCREMENT=12;

--
-- AUTO_INCREMENT for table `doctorslog`
--
ALTER TABLE `doctorslog`
  MODIFY `id` int NOT NULL AUTO_INCREMENT, AUTO_INCREMENT=10;

--
-- AUTO_INCREMENT for table `doctorspecilization`
--
ALTER TABLE `doctorspecilization`
  MODIFY `id` int NOT NULL AUTO_INCREMENT, AUTO_INCREMENT=11;

--
-- AUTO_INCREMENT for table `userlog`
--
ALTER TABLE `userlog`
  MODIFY `id` int NOT NULL AUTO_INCREMENT, AUTO_INCREMENT=15;

--
-- AUTO_INCREMENT for table `users`
--
ALTER TABLE `users`
  MODIFY `id` int NOT NULL AUTO_INCREMENT, AUTO_INCREMENT=12;
COMMIT;

/*!40101 SET CHARACTER_SET_CLIENT=@OLD_CHARACTER_SET_CLIENT */;
/*!40101 SET CHARACTER_SET_RESULTS=@OLD_CHARACTER_SET_RESULTS */;
/*!40101 SET COLLATION_CONNECTION=@OLD_COLLATION_CONNECTION */;
